{"cameraMode":{"drawMode":0,"name":"Shaded","section":"Shading Mode"},"sceneLighting":true,"audioPlay":false,"sceneViewState":{"m_AlwaysRefresh":false,"showFog":true,"showSkybox":true,"showFlares":true,"showImageEffects":true,"showParticleSystems":true,"showVisualEffectGraphs":true,"m_FxEnabled":true},"in2DMode":false,"pivot":{"x":46.40891647338867,"y":3.5525095462799074,"z":2.749457359313965},"rotation":{"x":0.13153862953186036,"y":-0.3733137845993042,"z":0.053550947457551959,"w":0.9167996644973755},"size":0.22268764674663545,"orthographic":false}