{"cameraMode":{"drawMode":0,"name":"Shaded","section":"Shading Mode"},"sceneLighting":false,"audioPlay":false,"sceneViewState":{"m_AlwaysRefresh":false,"showFog":true,"showSkybox":false,"showFlares":true,"showImageEffects":true,"showParticleSystems":true,"showVisualEffectGraphs":true,"m_FxEnabled":true},"in2DMode":false,"pivot":{"x":-0.38395142555236819,"y":0.07448482513427735,"z":-0.6258478164672852},"rotation":{"x":-0.36444979906082156,"y":-0.09973505884408951,"z":0.03929414227604866,"w":-0.9250350594520569},"size":9.381532669067383,"orthographic":false}